Workbook

Sheet Results
A1: Ingredient | B1: Feed formulation (FF1)* | C1: Price (USD) | D1: FF2 (theoretical scenario) | E1: Price (USD) | F1: Price (USD/ton)
A2: Salt | B2: 1.2 | C2: =(B2/100)*F2 -> 1.668 | D2: =B2 -> 1.2 | E2: =(D2/100)*F2 -> 1.668 | F2: 139
A3: SeaCrop | B3: 6.5 | C3: =(B3/100)*F3 -> 39.65 | D3: =100-88.91 -> 11.09 | E3: =(D3/100)*F3 -> 67.649 | F3: 610 | G3: <<<<< | H3: =((D3-B3)/B3)*100 -> 70.615385 | I3: % increase in Seacrop’s phytoplankton DW compared to baseline.
A4: Wheat | B4: 18 | C4: =(B4/100)*F4 -> 59.22 | D4: =B4 -> 18 | E4: =(D4/100)*F4 -> 59.22 | F4: 329
A5: Corn Gluten meal | B5: 12 | C5: =(B5/100)*F5 -> 126 | D5: =B5 -> 12 | E5: =(D5/100)*F5 -> 126 | F5: 1050
A6: Soybean meal | B6: 20 | C6: =(B6/100)*F6 -> 130 | D6: =B6*0.8 -> 16 | E6: =(D6/100)*F6 -> 104 | F6: 650 | G6: >>>>> | H6: 20% decrease (similar estimate protein level (44-48%). Priced similar at $500-600/ton
A7: Wheat gluten | B7: 4 | C7: =(B7/100)*F7 -> 86 | D7: =B7 -> 4 | E7: =(D7/100)*F7 -> 86 | F7: 2150
A8: Further | B8: 8 | C8: =(B8/100)*F8 -> 41.12 | D8: =B8 -> 8 | E8: =(D8/100)*F8 -> 41.12 | F8: 514
A9: Dcp | B9: 0.9 | C9: =(B9/100)*F9 -> 9.909 | D9: =B9 -> 0.9 | E9: =(D9/100)*F9 -> 9.909 | F9: 1101
A10: Fish oil | B10: =7.1*(2/3) -> 4.7333333 | C10: =(B10/100)*F10 -> 26.033333 | D10: =B10 -> 4.7333333 | E10: =(D10/100)*F10 -> 26.033333 | F10: 550
A11: Fish oil (BP) | B11: =7.1*(1/3) -> 2.3666667 | C11: =(B11/100)*F11 -> 13.016667 | D11: =B11 -> 2.3666667 | E11: =(D11/100)*F11 -> 13.016667 | F11: 550
A12: Fishmeal | B12: =6.9*(2/3) -> 4.6 | C12: =(B12/100)*F12 -> 105.8 | D12: =B12*0.9 -> 4.14 | E12: =(D12/100)*F12 -> 95.22 | F12: 2300 | G12: >>>>> | H12: 10% decrease (fishmeal has higher protein levels up to 70%, but more expensive). Therefore substitutions are limited but made an assumption where 10% of fishmeal is replaced by Seacrop’s phytoplankton DW at $610 a tonne,- reducing overall diet cost.
A13: Fishmeal (BP) | B13: =6.9*(1/3) -> 2.3 | C13: =(B13/100)*F13 -> 52.9 | D13: =B13*0.9 -> 2.07 | E13: =(D13/100)*F13 -> 47.61 | F13: 2300 | G13: =G12 -> >>>>>
A14: Poultry meal | B14: 15 | C14: =(B14/100)*F14 -> 111.45 | D14: =B14 -> 15 | E14: =(D14/100)*F14 -> 111.45 | F14: 743
A15: Premix | B15: 0.5 | C15: =(B15/100)*F15 -> 20.95 | D15: =B15 -> 0.5 | E15: =(D15/100)*F15 -> 20.95 | F15: 4190
A16: Total (%) | B16: =SUM(B2:B15) -> 100.1 | D16: =SUM(D2:D15) -> 100
A17: Total (%) Marine ingredients (MIs) | B17: =SUM(B10:B13) -> 14 | D17: =SUM(D10:D13) -> 13.31
A18: Costs per tonne (USD) | C18: =SUM(C2:C15) -> 823.717 | E18: =SUM(E2:E15) -> 809.846
A19: Feed Conversion Ratio (FCR) assumption | B19: 1.5 | C19: 1 | D19: 1.5
A20: *Based on "Initial evaluation of the SeaCrop developing product portfolio" by Dr Eran Hadas. A typical feed formula for warm-water fish, such as striped bass, was used to evaluate SeaCrop's value. The model feed contains 45% protein and 12% fat. Seacrop’s phytoplankton offers ~40% protein on a dry weight (DW) basis and probably a wide range of bioactive materials, such as β-glucans and carotenoids.
A22: We assumed that 90% of the environmental impact is embodied in the feeds at a striped bass farm: https://dspace.stir.ac.uk/bitstream/1893/25681/1/Newton-and-Little-IJLCA-2018.pdf
A24: Environmental impacts of 2 feed formulations (FF1 and FF2) to produce 1 tonne of striped bass (FCR 1.5), considering 2 drying scenarios for the SeaCrop ingredient: using Israel’s electricity grid (EG) versus residual heat (RH) from a natural gas facility.
A25: Carbon footprint | B25: FF1 (EG) | C25: FF1 (RH) | D25: FF2 (EG) | E25: FF2 (RH) | I25: FF1 (EG) | J25: FF1 (RH) | K25: FF2 (EG) | L25: FF2 (RH) | O25: Consumptive water use | P25: FF1 (EG) | Q25: FF1 (RH) | R25: FF2 (EG) | S25: FF2 (RH) | X25: Fish biomass dependency and efficiency | Y25: FF1 | Z25: FF2
A26: ='FF1 (energy scenarios)'!B5 -> Climate change - Biogenic | B26: ='FF1 (energy scenarios)'!D5 -> 0.71452823 | C26: ='FF1 (energy scenarios)'!E5 -> 0.69095912 | D26: ='FF2 (energy scenarios)'!D5 -> 0.72721985 | E26: ='FF2 (energy scenarios)'!E5 -> 0.68697105 | H26: Land competition | I26: ='FF1 (energy scenarios)'!D29 -> 2882.7883 | J26: ='FF1 (energy scenarios)'!E29 -> 2879.6125 | K26: ='FF2 (energy scenarios)'!D29 -> 2718.4166 | L26: ='FF2 (energy scenarios)'!E29 -> 2712.9933 | O26: ='FF1 (energy scenarios)'!B35 -> Blue water | P26: ='FF1 (energy scenarios)'!D35 -> 24.812588 | Q26: ='FF1 (energy scenarios)'!E35 -> 24.420159 | R26: ='FF2 (energy scenarios)'!D35 -> 24.9509 | S26: ='FF2 (energy scenarios)'!E35 -> 24.280753 | X26: FFDR meal | Y26: 0.33 | Z26: 0.29
A27: ='FF1 (energy scenarios)'!B6 -> Climate change - Fossil | B27: ='FF1 (energy scenarios)'!D6 -> 1541.0359 | C27: ='FF1 (energy scenarios)'!E6 -> 1317.7824 | D27: ='FF2 (energy scenarios)'!D6 -> 1669.0303 | E27: ='FF2 (energy scenarios)'!E6 -> 1287.7819 | O27: ='FF1 (energy scenarios)'!B36 -> Green water | P27: ='FF1 (energy scenarios)'!D36 -> 748.62566 | Q27: ='FF1 (energy scenarios)'!E36 -> 748.62566 | R27: ='FF2 (energy scenarios)'!D36 -> 645.33251 | S27: ='FF2 (energy scenarios)'!E36 -> 645.33251 | X27: FFDR oil | Y27: 0.88 | Z27: 0.88
A28: ='FF1 (energy scenarios)'!B7 -> Climate change - Land use and LU change | B28: ='FF1 (energy scenarios)'!D7 -> 1150.599 | C28: ='FF1 (energy scenarios)'!E7 -> 1150.5841 | D28: ='FF2 (energy scenarios)'!D7 -> 931.64011 | E28: ='FF2 (energy scenarios)'!E7 -> 931.61462 | O28: ='FF1 (energy scenarios)'!B37 -> Grey water | P28: ='FF1 (energy scenarios)'!D37 -> 136.4891 | Q28: ='FF1 (energy scenarios)'!E37 -> 136.41985 | R28: ='FF2 (energy scenarios)'!D37 -> 118.28531 | S28: ='FF2 (energy scenarios)'!E37 -> 118.16705 | X28: eFIFO | Y28: 0.61 | Z28: 0.59
X29: *in the case of eFIFO we recommend the value of by-products to be 10% of all co-products. Prices used for fishmeal ($1,785) and fish oil ($4,260). FCR 1.5.
A57: Carbon footprint | B57: SeaCrop dried biomass (40% protein, EG) | C57: SeaCrop dried biomass (40% protein, RH) | F57: SeaCrop dried biomass (40% protein, EG) | G57: SeaCrop dried biomass (40% protein, RH) | I57: Consumptive water use | J57: SeaCrop dried biomass (40% protein, EG) | K57: SeaCrop dried biomass (40% protein, RH)
A58: ='SeaCrop ingr (energy scenarios)'!B5 -> Climate change - Biogenic | B58: ='SeaCrop ingr (energy scenarios)'!D5 -> 0.2651309 | C58: ='SeaCrop ingr (energy scenarios)'!E5 -> 0.023396384 | E58: Land competition | F58: ='SeaCrop ingr (energy scenarios)'!D29 -> 33.383056 | G58: ='SeaCrop ingr (energy scenarios)'!E29 -> 0.8107891 | I58: ='SeaCrop ingr (energy scenarios)'!B35 -> Blue water | J58: ='SeaCrop ingr (energy scenarios)'!D35 -> 4.6707199 | K58: ='SeaCrop ingr (energy scenarios)'!E35 -> 0.64581103
A59: ='SeaCrop ingr (energy scenarios)'!B6 -> Climate change - Fossil | B59: ='SeaCrop ingr (energy scenarios)'!D6 -> 2615.3519 | C59: ='SeaCrop ingr (energy scenarios)'!E6 -> 325.57222 | I59: ='SeaCrop ingr (energy scenarios)'!B36 -> Green water | J59: ='SeaCrop ingr (energy scenarios)'!D36 -> 0 | K59: ='SeaCrop ingr (energy scenarios)'!E36 -> 0
A60: ='SeaCrop ingr (energy scenarios)'!B7 -> Climate change - Land use and LU change | B60: ='SeaCrop ingr (energy scenarios)'!D7 -> 0.16754577 | C60: ='SeaCrop ingr (energy scenarios)'!E7 -> 0.014430156 | I60: ='SeaCrop ingr (energy scenarios)'!B37 -> Grey water | J60: ='SeaCrop ingr (energy scenarios)'!D37 -> 0.82424469 | K60: ='SeaCrop ingr (energy scenarios)'!E37 -> 0.11396665

Sheet SeaCrop ingr (energy scenarios)
A1: #VALUE! | B1: Impact metrics* | C1: Unit/tonne ingredient
D2: SeaCrop dried biomass (40% protein, EG) | E2: SeaCrop dried biomass (40% protein, RH) | F2: ∆ | G2: % change
A3: Environmental (EF) | B3: Acidification | C3: mol H+ eq | D3: 19.168426 | E3: 0.53024773 | F3: -18.638178 | G3: -97.233744
B4: Climate change (Total) | C4: kg CO2 eq | D4: 2615.7846 | E4: 325.61004 | F4: -2290.1746 | G4: -87.552108
B5: Climate change - Biogenic | C5: kg CO2 eq | D5: 0.2651309 | E5: 0.023396384 | F5: -0.24173452 | G5: -91.175535
B6: Climate change - Fossil | C6: kg CO2 eq | D6: 2615.3519 | E6: 325.57222 | F6: -2289.7797 | G6: -87.551495
B7: Climate change - Land use and LU change | C7: kg CO2 eq | D7: 0.16754577 | E7: 0.014430156 | F7: -0.15311561 | G7: -91.387335
B8: Ecotoxicity, freshwater (Total) | C8: CTUe | D8: 3232.1966 | E8: 1128.6397 | F8: -2103.5569 | G8: -65.081341
B9: Ecotoxicity, freshwater - inorganics | C9: CTUe | D9: 3181.6004 | E9: 1120.6708 | F9: -2060.9296 | G9: -64.776507
B10: Ecotoxicity, freshwater - organics | C10: CTUe | D10: 50.596211 | E10: 7.9688807 | F10: -42.62733 | G10: -84.250045
B11: Particulate matter | C11: disease inc. | D11: 2.573077e-05 | E11: 2.5681866e-06 | F11: -2.3162583e-05 | G11: -90.019006
B12: Eutrophication, marine | C12: kg N eq | D12: 2.8604369 | E12: 0.10870994 | F12: -2.751727 | G12: -96.199534
B13: Eutrophication, freshwater | C13: kg P eq | D13: 1.30656 | E13: 0.0073031219 | F13: -1.2992569 | G13: -99.441042
B14: Eutrophication, terrestrial | C14: mol N eq | D14: 29.262183 | E14: 1.1718936 | F14: -28.090289 | G14: -95.995194
B15: Human toxicity, cancer (Total) | C15: CTUh | D15: 2.0554016e-07 | E15: 4.2451674e-08 | F15: -1.6308849e-07 | G15: -79.346287
... B27: Water use | C27: m3 depriv. | D27: 185.24788 | E27: 26.798842 | F27: -158.44904 | G27: -85.533523
A28: Environmental (BFP) | B28: Biotic resource use | C28: kg C | D28: 0.83059487 | E28: 0.64783819 | F28: -0.18275668 | G28: -22.003107
B29: Land competition | C29: M2a | D29: 33.383056 | E29: 0.8107891 | F29: -32.572267 | G29: -97.571256
B30: Eutrophication | C30: Kg PO4 eq | D30: 5.3341062 | E30: 0.062712089 | F30: -5.2713941 | G30: -98.824319
B31: Cumulative energy use (Total) | C31: MJ | D31: 32913.515 | E31: 5186.3976 | F31: -27727.117 | G31: -84.242347
B32: Non-renewable energy | C32: MJ | D32: 32855.944 | E32: 5179.667 | F32: -27676.277 | G32: -84.235221
B33: Renewable energy | C33: MJ | D33: 57.570698 | E33: 6.7305663 | F33: -50.840132 | G33: -88.309042
B34: Consumptive water use (Total) | C34: m3 | D34: 5.4949646 | E34: 0.75977768 | F34: -4.7351869 | G34: -86.173201
B35: Blue water | C35: m3 | D35: 4.6707199 | E35: 0.64581103 | F35: -4.0249089 | G35: -86.173201
B36: Green water | C36: m3 | D36: 0 | E36: 0 | F36: 0 | G36: 0
B37: Grey water | C37: m3 | D37: 0.82424469 | E37: 0.11396665 | F37: -0.71027804 | G37: -86.173201
A38: *Impact metrics explanation in the tooltips.

Sheet FF1 (energy scenarios)
A1: #VALUE! | B1: Impact metrics* | C1: Unit/tonne striped bass | D1: FF1 (EG) | E1: FF1 (RH) | F1: ∆ | G1: % change
A3: Environmental (EF) | B3: Acidification | C3: mol H+ eq | D3: 21.421209 | E3: 19.603987 | F3: -1.817223 | G3: -11.026734
B4: Climate change (Total) | C4: kg CO2 eq | D4: 2692.3494 | E4: 2469.0574 | F4: -223.292 | G4: -12.010286
B5: Climate change - Biogenic | C5: kg CO2 eq | D5: 0.71452823 | E5: 0.69095912 | F5: -0.0235691 | G5: -0.54134476
B6: Climate change - Fossil | C6: kg CO2 eq | D6: 1541.0359 | E6: 1317.7824 | F6: -223.2535 | G6: -17.358576
B7: Climate change - Land use and LU change | C7: kg CO2 eq | D7: 1150.599 | E7: 1150.5841 | F7: -0.01492 | G7: -0.0026235679
B8: Ecotoxicity, freshwater (Total) | C8: CTUe | D8: 14617.655 | E8: 14412.558 | F8: -205.097 | G8: -0.48440695
B9: Ecotoxicity, freshwater - inorganics | C9: CTUe | D9: 2606.8188 | E9: 2405.8782 | F9: -200.9407 | G9: -4.0271938
B10: Ecotoxicity, freshwater - organics | C10: CTUe | D10: 12010.836 | E10: 12006.68 | F10: -4.156 | G10: -0.01112711
B11: Particulate matter | C11: disease inc. | D11: 0.00015607426 | E11: 0.0001538159 | F11: -2.25836e-06 | G11: -1.9465253
B12: Eutrophication, marine | C12: kg N eq | D12: 12.738728 | E12: 12.470435 | F12: -0.2682934 | G12: -2.894628
B13: Eutrophication, freshwater | C13: kg P eq | D13: 0.47447896 | E13: 0.34780141 | F13: -0.12667755 | G13: -21.341259
B14: Eutrophication, terrestrial | C14: mol N eq | D14: 67.853663 | E14: 65.11486 | F14: -2.738804 | G14: -4.9930818
B15: Human toxicity, cancer (Total) | C15: CTUh | D15: 9.0250344e-07 | E15: 8.8660231e-07 | F15: -1.590113e-08 | G15: -1.7131683
... B27: Water use | C27: m3 depriv. | D27: 705.9082 | E27: 690.45942 | F27: -15.4488 | G27: -0.46035789
A28: Environmental (BFP) | B28: Biotic resource use | C28: kg C | D28: 30948.79 | E28: 30948.772 | F28: -0.0178 | G28: -0.00082082441
B29: Land competition | C29: M2a | D29: 2882.7883 | E29: 2879.6125 | F29: -3.1758 | G29: -0.21933125
B30: Eutrophication | C30: Kg PO4 eq | D30: 8.1778512 | E30: 7.6638903 | F30: -0.513961 | G30: -8.524424
B31: Cumulative energy use (Total) | C31: MJ | D31: 20640.862 | E31: 17937.468 | F31: -2703.3942 | G31: -22.33325
B32: Non-renewable energy | C32: MJ | D32: 20120.482 | E32: 17422.045 | F32: -2698.4373 | G32: -22.94862
B33: Renewable energy | C33: MJ | D33: 520.37999 | E33: 515.42308 | F33: -4.95691 | G33: -1.4318407
B34: Consumptive water use (Total) | C34: m3 | D34: 909.92735 | E34: 909.46567 | F34: -0.46168118 | G34: -0.22743517
B35: Blue water | C35: m3 | D35: 24.812588 | E35: 24.420159 | F35: -0.392429 | G35: -0.39109778
B36: Green water | C36: m3 | D36: 748.62566 | E36: 748.62566 | F36: 0 | G36: 0
B37: Grey water | C37: m3 | D37: 136.4891 | E37: 136.41985 | F37: -0.069252176 | G37: -0.22743517
A38: *Impact metrics explanation in the tooltips.

Sheet FF2 (energy scenarios)
A1: #VALUE! | B1: Impact metrics* | C1: Unit/tonne striped bass | D1: FF2 (EG) | E1: FF2 (RH) | F1: ∆ | G1: % change
A3: Environmental (EF) | B3: Acidification | C3: mol H+ eq | D3: 22.109577 | E3: 19.00632 | F3: =E3-D3 -> -3.103257 | G3: =((E3 - D3) / D3) * 100 -> -14.035804
B4: Climate change (Total) | C4: kg CO2 eq | D4: 2601.3976 | E4: 2220.0835 | F4: =E4-D4 -> -381.3141 | G4: =((E4 - D4) / D4) * 100 -> -14.658048
B5: Climate change - Biogenic | C5: kg CO2 eq | D5: 0.72721985 | E5: 0.68697105 | F5: =E5-D5 -> -0.0402488 | G5: =((E5 - D5) / D5) * 100 -> -5.5346124
B6: Climate change - Fossil | C6: kg CO2 eq | D6: 1669.0303 | E6: 1287.7819 | F6: =E6-D6 -> -381.2484 | G6: =((E6 - D6) / D6) * 100 -> -22.842509
B7: Climate change - Land use and LU change | C7: kg CO2 eq | D7: 931.64011 | E7: 931.61462 | F7: =E7-D7 -> -0.02549 | G7: =((E7 - D7) / D7) * 100 -> -0.0027360351
B8: Ecotoxicity, freshwater (Total) | C8: CTUe | D8: 14310.075 | E8: 13959.833 | F8: =E8-D8 -> -350.242 | G8: =((E8 - D8) / D8) * 100 -> -2.4475204
B9: Ecotoxicity, freshwater - inorganics | C9: CTUe | D9: 2716.6675 | E9: 2373.5228 | F9: =E9-D9 -> -343.1447 | G9: =((E9 - D9) / D9) * 100 -> -12.631089
B10: Ecotoxicity, freshwater - organics | C10: CTUe | D10: 11593.407 | E10: 11586.31 | F10: =E10-D10 -> -7.097 | G10: =((E10 - D10) / D10) * 100 -> -0.061215827
B11: Particulate matter | C11: disease inc. | D11: 0.0001527158 | E11: 0.00014885923 | F11: =E11-D11 -> -3.85657e-06 | G11: =((E11 - D11) / D11) * 100 -> -2.5253248
B12: Eutrophication, marine | C12: kg N eq | D12: 12.524371 | E12: 12.066209 | F12: =E12-D12 -> -0.458162 | G12: =((E12 - D12) / D12) * 100 -> -3.6581638
B13: Eutrophication, freshwater | C13: kg P eq | D13: 0.53380731 | E13: 0.31748104 | F13: =E13-D13 -> -0.21632627 | G13: =((E13 - D13) / D13) * 100 -> -40.525161
B14: Eutrophication, terrestrial | C14: mol N eq | D14: 67.742128 | E14: 63.065094 | F14: =E14-D14 -> -4.677034 | G14: =((E14 - D14) / D14) * 100 -> -6.9041734
B15: Human toxicity, cancer (Total) | C15: CTUh | D15: 8.508097e-07 | E15: 8.2365547e-07 | F15: =E15-D15 -> -2.715423e-08 | G15: =((E15 - D15) / D15) * 100 -> -3.191575
... B27: Water use | C27: m3 depriv. | D27: 714.66761 | E27: 688.28584 | F27: =E27-D27 -> -26.38177 | G27: =((E27 - D27) / D27) * 100 -> -3.6914741
A28: Environmental (BFP) | B28: Biotic resource use | C28: kg C | D28: 28728.232 | E28: 28728.202 | F28: =E28-D28 -> -0.03 | G28: =((E28 - D28) / D28) * 100 -> -0.00010442689
B29: Land competition | C29: M2a | D29: 2718.4166 | E29: 2712.9933 | F29: =E29-D29 -> -5.4233 | G29: =((E29 - D29) / D29) * 100 -> -0.19950217
B30: Eutrophication | C30: Kg PO4 eq | D30: 8.2433512 | E30: 7.3656641 | F30: =E30-D30 -> -0.8776871 | G30: =((E30 - D30) / D30) * 100 -> -10.647212
B31: Cumulative energy use (Total) | C31: MJ | D31: 22198.201 | E31: 17581.636 | F31: =E31-D31 -> -4616.5649 | G31: =((E31 - D31) / D31) * 100 -> -20.797023
B32: Non-renewable energy | C32: MJ | D32: 21722.533 | E32: 17114.433 | F32: =E32-D32 -> -4608.1 | G32: =((E32 - D32) / D32) * 100 -> -21.213456
B33: Renewable energy | C33: MJ | D33: 475.66751 | E33: 467.20263 | F33: =E33-D33 -> -8.46488 | G33: =((E33 - D33) / D33) * 100 -> -1.7795792
B34: Consumptive water use (Total) | C34: m3 | D34: 788.56872 | E34: 787.78031 | F34: =E34-D34 -> -0.78840824 | G34: =((E34 - D34) / D34) * 100 -> -0.099979649
B35: Blue water | C35: m3 | D35: 24.9509 | E35: 24.280753 | F35: =E35-D35 -> -0.670147 | G35: =((E35 - D35) / D35) * 100 -> -2.685863
B36: Green water | C36: m3 | D36: 645.33251 | E36: 645.33251 | F36: =E36-D36 -> 0 | G36: =((E36 - D36) / D36) * 100 -> 0
B37: Grey water | C37: m3 | D37: 118.28531 | E37: 118.16705 | F37: =E37-D37 -> -0.11826124 | G37: =((E37 - D37) / D37) * 100 -> -0.099979649
A38: *Impact metrics explanation in the tooltips.

Sheet Electricity use for drying
A1: kWh per tonne dried biomass (40% protein) | B1: kWh | C1: kWh
A2: Spray drying | B2: 2000 | C2: 4000
A3: Freeze drying | B3: 5000 | C3: 15000
A4: Drum drying | B4: 800 | C4: 1200
A5: Sun drying | B5: 0 | C5: 0
A6: Fluidized bed drying | B6: 1500 | C6: 2500
A7: Average kWh per tonne dried biomass (40% protein) | B7: =AVERAGE(B2:C6) -> 3200
